-- phpMyAdmin SQL Dump
-- version 5.0.2
-- https://www.phpmyadmin.net/
--
-- Хост: 127.0.0.1:3306
-- Время создания: Мар 20 2024 г., 07:24
-- Версия сервера: 10.3.22-MariaDB
-- Версия PHP: 7.1.33

SET SQL_MODE = "NO_AUTO_VALUE_ON_ZERO";
START TRANSACTION;
SET time_zone = "+00:00";


/*!40101 SET @OLD_CHARACTER_SET_CLIENT=@@CHARACTER_SET_CLIENT */;
/*!40101 SET @OLD_CHARACTER_SET_RESULTS=@@CHARACTER_SET_RESULTS */;
/*!40101 SET @OLD_COLLATION_CONNECTION=@@COLLATION_CONNECTION */;
/*!40101 SET NAMES utf8mb4 */;

--
-- База данных: `копеечка`
--

-- --------------------------------------------------------

--
-- Структура таблицы `приход`
--

CREATE TABLE `приход` (
  `№_накладной` int(11) NOT NULL,
  `дата` date NOT NULL,
  `тип_накладной` varchar(255) NOT NULL,
  `№_склада` int(11) NOT NULL,
  `поставщик` int(11) NOT NULL
) ENGINE=InnoDB DEFAULT CHARSET=utf8;

INSERT INTO приход (№_накладной, дата, тип_накладной, №_склада, поставщик)
VALUES
(1, '2024-03-15', 'Поступление от поставщика', 1, 1),
(2, '2024-03-16', 'Поступление от поставщика', 2, 2),
(3, '2024-03-17', 'Возврат от покупателя', 1, 3),
(4, '2024-03-18', 'Перемещение между складами', 2, 1),
(5, '2024-03-19', 'Перемещение между складами', 3, 2),
(6, '2024-03-20', 'Поступление от поставщика', 1, 1),
(7, '2024-03-21', 'Поступление от поставщика', 2, 2),
(8, '2024-03-22', 'Возврат от покупателя', 1, 3),
(9, '2024-03-23', 'Перемещение между складами', 2, 1),
(10, '2024-03-24', 'Перемещение между складами', 3, 2),
(11, '2024-03-25', 'Поступление от поставщика', 1, 1),
(12, '2024-03-26', 'Поступление от поставщика', 2, 2),
(13, '2024-03-27', 'Возврат от покупателя', 1, 3),
(14, '2024-03-28', 'Перемещение между складами', 2, 1),
(15, '2024-03-29', 'Перемещение между складами', 3, 2),
(16, '2024-03-30', 'Поступление от поставщика', 1, 1),
(17, '2024-03-31', 'Поступление от поставщика', 2, 2),
(18, '2024-04-01', 'Возврат от покупателя', 1, 3),
(19, '2024-04-02', 'Перемещение между складами', 2, 1),
(20, '2024-04-03', 'Перемещение между складами', 3, 2),
(21, '2024-04-04', 'Поступление от поставщика', 1, 1),
(22, '2024-04-05', 'Поступление от поставщика', 2, 2),
(23, '2024-04-06', 'Возврат от покупателя', 1, 3),
(24, '2024-04-07', 'Перемещение между складами', 2, 1),
(25, '2024-04-08', 'Перемещение между складами', 3, 2),
(26, '2024-04-09', 'Поступление от поставщика', 1, 1),
(27, '2024-04-10', 'Поступление от поставщика', 2, 2),
(28, '2024-04-11', 'Возврат от покупателя', 1, 3),
(29, '2024-04-12', 'Перемещение между складами', 2, 1),
(30, '2024-04-13', 'Перемещение между складами', 3, 2);


-- --------------------------------------------------------

--
-- Структура таблицы `организации`
--

CREATE TABLE `организации` (
  `№_организации` int(11) NOT NULL,
  `наименование` varchar(255) NOT NULL
) ENGINE=InnoDB DEFAULT CHARSET=utf8;

--
-- Дамп данных таблицы `организации`
--

INSERT INTO `организации` (`№_организации`, `наименование`) VALUES
(1, 'ООО \"Агропром\"'),
(2, 'ЗАО \"Хлебозавод №1\"'),
(3, 'ИП \"Мясной мир\"'),
(4, 'ООО \"Молочные продукты\"'),
(5, 'ООО \"Фрукты и овощи\"'),
(6, 'ЗАО \"Рыбный промысел\"'),
(7, 'ИП \"Птицефабрика\"'),
(8, 'ООО \"Кондитерская фабрика\"'),
(9, 'ЗАО \"Бакалейные товары\"'),
(10, 'ИП \"Чаеторговая компания\"'),
(11, 'ООО \"Эко-ферма\"'),
(12, 'ИП \"Пчеловод\"'),
(13, 'ООО \"Грибная компания\"'),
(14, 'ЗАО \"Соки и воды\"'),
(15, 'ИП \"Винодельня\"'),
(16, 'ООО \"Пивоваренный завод\"'),
(17, 'ЗАО \"Табачная фабрика\"'),
(18, 'ИП \"Магазин чая\"'),
(19, 'ООО \"Кофе-Импорт\"'),
(20, 'ЗАО \"Специи и пряности\"'),
(21, 'ООО "Агрохолдинг"'),
(22, 'ИП "Семейная ферма"'),
(23, 'ООО "Экопродукт"'),
(24, 'ЗАО "Био-Вегетариан"'),
(25, 'ИП "Веганские продукты"'),
(26, 'ООО "Без глютена"'),
(27, 'ЗАО "Без ГМО"'),
(28, 'ИП "Органические продукты"'),
(29, 'ООО "Натуральные напитки"'),
(30, 'ЗАО "Здоровое питание"');


-- --------------------------------------------------------

--
-- Структура таблицы `остаток_на_складе`
--

CREATE TABLE `остаток_на_складе` (
  `№_склада` int(11) NOT NULL,
  `артикул` int(11) NOT NULL,
  `количество` int(11) NOT NULL,
  `дата` date NOT NULL
) ENGINE=InnoDB DEFAULT CHARSET=utf8;

INSERT INTO остаток_на_складе (№_склада, артикул, количество, дата)
VALUES
(1, 1, 10, '2024-03-20'),
(1, 2, 20, '2024-03-20'),
(1, 3, 30, '2024-03-20'),
(1, 4, 40, '2024-03-20'),
(1, 5, 50, '2024-03-20'),
(2, 1, 15, '2024-03-20'),
(2, 2, 25, '2024-03-20'),
(2, 3, 35, '2024-02-20'),
(2, 4, 45, '2024-02-20'),
(2, 5, 55, '2024-02-20'),
(3, 1, 20, '2024-02-20'),
(3, 2, 30, '2024-02-20'),
(3, 3, 40, '2024-03-20'),
(3, 4, 50, '2024-03-20'),
(3, 5, 60, '2024-03-20'),
(4, 1, 25, '2024-03-20'),
(4, 2, 35, '2024-03-20'),
(4, 3, 45, '2024-03-20'),
(4, 4, 55, '2024-03-20'),
(4, 5, 65, '2024-03-20'),
(5, 1, 30, '2024-03-20'),
(5, 2, 40, '2024-02-20'),
(5, 3, 50, '2024-02-20'),
(5, 4, 60, '2024-02-20'),
(5, 5, 70, '2024-02-20'),
(6, 1, 35, '2024-03-20'),
(6, 2, 45, '2024-03-20'),
(6, 3, 55, '2024-03-20'),
(6, 4, 65, '2024-03-20'),
(6, 5, 75, '2024-03-20');


-- --------------------------------------------------------

--
-- Структура таблицы `расход`
--

CREATE TABLE `расход` (
  `№_лимитной_карты` int(11) NOT NULL,
  `№_склада` int(11) NOT NULL,
  `подразделение` varchar(255) NOT NULL,
  `товар` int(11) NOT NULL,
  `месяц` int(11) NOT NULL,
  `год` int(11) NOT NULL,
  `лимит` int(11) NOT NULL
) ENGINE=InnoDB DEFAULT CHARSET=utf8;

--
-- Дамп данных таблицы `расход`
--

INSERT INTO `расход` (`№_лимитной_карты`, `№_склада`, `подразделение`, `товар`, `месяц`, `год`, `лимит`) VALUES
(1, 1, 'Овощи и фрукты', 1, 3, 2024, 100),
(2, 1, 'Молочные продукты', 2, 3, 2024, 800),
(3, 2, 'Мясо и колбасы', 3, 3, 2024, 120),
(4, 2, 'Рыба и морепродукты', 4, 3, 2024, 900),
(5, 1, 'Хлебобулочные изделия', 5, 3, 2024, 500),
(6, 1, 'Бакалея', 6, 3, 2024, 700),
(7, 2, 'Кондитерские изделия', 7, 3, 2024, 400),
(8, 2, 'Замороженные продукты', 8, 3, 2024, 600),
(9, 1, 'Напитки', 9, 3, 2024, 300),
(10, 2, 'Алкогольные напитки', 10, 3, 2024, 500),
(11, 1, 'Овощи и фрукты', 1, 3, 2024, 100),
(12, 1, 'Молочные продукты', 2, 3, 2024, 800),
(13, 2, 'Мясо и колбасы', 3, 3, 2024, 120),
(14, 2, 'Рыба и морепродукты', 4, 3, 2024, 900),
(15, 1, 'Хлебобулочные изделия', 5, 3, 2024, 500),
(16, 1, 'Бакалея', 6, 3, 2024, 700),
(17, 2, 'Кондитерские изделия', 7, 3, 2024, 400),
(18, 2, 'Замороженные продукты', 8, 3, 2024, 600),
(19, 1, 'Напитки', 9, 3, 2024, 300),
(20, 2, 'Алкогольные напитки', 10, 3, 2024, 500),
(21, 1, 'Овощи и фрукты', 1, 3, 2024, 100),
(22, 1, 'Молочные продукты', 2, 3, 2024, 800),
(23, 2, 'Мясо и колбасы', 3, 3, 2024, 120),
(24, 2, 'Рыба и морепродукты', 4, 3, 2024, 900),
(25, 1, 'Хлебобулочные изделия', 5, 3, 2024, 500),
(26, 1, 'Бакалея', 6, 3, 2024, 700),
(27, 2, 'Кондитерские изделия', 7, 3, 2024, 400),
(28, 2, 'Замороженные продукты', 8, 3, 2024, 600),
(29, 1, 'Напитки', 9, 3, 2024, 300),
(30, 2, 'Алкогольные напитки', 10, 3, 2024, 500);

-- --------------------------------------------------------

--
-- Структура таблицы `склады`
--

CREATE TABLE `склады` (
  `№_склада` int(11) NOT NULL,
  `наименование` varchar(255) NOT NULL,
  `фио_кладовщика` varchar(255) NOT NULL
) ENGINE=InnoDB DEFAULT CHARSET=utf8;

--
-- Дамп данных таблицы `склады`
--

INSERT INTO `склады` (`№_склада`, `наименование`, `фио_кладовщика`) VALUES
(1, 'Склад №1', 'Иванов Иван Иванович'),
(2, 'Склад №2', 'Петрова Мария Сергеевна'),
(3, 'Склад №3', 'Сидоров Николай Петрович'),
(4, 'Склад №4', 'Федорова Ольга Владимировна'),
(5, 'Склад №5', 'Кузнецов Алексей Михайлович'),
(6, 'Склад №6', 'Смирнова Ирина Александровна'),
(7, 'Склад №7', 'Попов Андрей Дмитриевич'),
(8, 'Склад №8', 'Васильева Елена Николаевна'),
(9, 'Склад №9', 'Соколов Сергей Юрьевич'),
(10, 'Склад №10', 'Захарова Татьяна Викторовна');

-- --------------------------------------------------------

--
-- Структура таблицы `состав_накладной`
--

CREATE TABLE `состав_накладной` (
  `№_накладной` int(11) NOT NULL,
  `артикул` int(11) NOT NULL,
  `количество` int(11) NOT NULL
) ENGINE=InnoDB DEFAULT CHARSET=utf8;


INSERT INTO состав_накладной (№_накладной, артикул, количество) VALUES
(1, 1, 10),
(1, 2, 5),
(1, 3, 20),
(2, 4, 15),
(2, 5, 10),
(2, 6, 7),
(3, 7, 2),
(3, 8, 1),
(3, 9, 3),
(4, 10, 5),
(4, 11, 12),
(5, 12, 13),
(5, 13, 14),
(6, 14, 15),
(6, 15, 16),
(6, 16, 17),
(7, 17, 18),
(7, 18, 19),
(7, 19, 20),
(8, 20, 21);


-- --------------------------------------------------------

--
-- Структура таблицы `состав_расхода`
--

CREATE TABLE `состав_расхода` (
  `№_пп` int(11) NOT NULL,
  `№_лимитной_карты` int(11) NOT NULL,
  `дата` date NOT NULL,
  `количество` int(11) NOT NULL,
  `вид_расхода` varchar(255) NOT NULL
) ENGINE=InnoDB DEFAULT CHARSET=utf8;

INSERT INTO состав_расхода (№_пп, №_лимитной_карты, дата, количество, вид_расхода)
VALUES
(1, 1, '2024-03-20', 10, 'Списание по сроку годности'),
(2, 2, '2024-03-20', 5, 'Бой'),
(3, 3, '2024-03-20', 2, 'Уценка'),
(4, 4, '2024-03-20', 1, 'Прочее'),
(5, 5, '2024-03-21', 15, 'Списание по сроку годности'),
(6, 6, '2024-03-21', 7, 'Бой'),
(7, 7, '2024-03-21', 3, 'Уценка'),
(8, 8, '2024-03-21', 2, 'Прочее'),
(9, 9, '2024-03-22', 12, 'Списание по сроку годности'),
(10, 10, '2024-03-22', 6, 'Бой'),
(11, 11, '2024-03-22', 4, 'Уценка'),
(12, 12, '2024-03-22', 3, 'Прочее'),
(13, 13, '2024-03-23', 10, 'Списание по сроку годности'),
(14, 14, '2024-03-23', 5, 'Бой'),
(15, 15, '2024-03-23', 2, 'Уценка'),
(16, 16, '2024-03-23', 1, 'Прочее'),
(17, 17, '2024-03-24', 15, 'Списание по сроку годности'),
(18, 18, '2024-03-24', 7, 'Бой'),
(19, 19, '2024-03-24', 3, 'Уценка'),
(20, 20, '2024-03-24', 2, 'Прочее'),
(21, 21, '2024-03-25', 12, 'Списание по сроку годности'),
(22, 22, '2024-03-25', 6, 'Бой'),
(23, 23, '2024-03-25', 4, 'Уценка'),
(24, 24, '2024-03-25', 3, 'Прочее'),
(25, 25, '2024-03-26', 10, 'Списание по сроку годности'),
(26, 26, '2024-03-26', 5, 'Бой'),
(27, 27, '2024-03-26', 2, 'Уценка'),
(28, 28, '2024-03-26', 1, 'Прочее'),
(29, 29, '2024-03-27', 15, 'Списание по сроку годности'),
(30, 30, '2024-03-27', 7, 'Бой');


-- --------------------------------------------------------

--
-- Структура таблицы `товары`
--

CREATE TABLE `товары` (
  `артикул` int(11) NOT NULL,
  `наименование` varchar(255) NOT NULL,
  `ед_изм` varchar(255) NOT NULL,
  `цена` int(11) NOT NULL
) ENGINE=InnoDB DEFAULT CHARSET=utf8;

--
-- Дамп данных таблицы `товары`
--

INSERT INTO `товары` (`артикул`, `наименование`, `ед_изм`, `цена`) VALUES
(1, 'Чай травяной \"Ромашка\", 25 пакетиков', 'шт', 85),
(2, 'Чай черный \"Русский караван\", 20 пакетиков', 'шт', 100),
(3, 'Чай зеленый \" gunpowder\", 25 пакетиков', 'шт', 110),
(4, 'Хлеб \"Дарница\", 400г', 'шт', 3),
(5, 'Молоко \"РОГАЧЕВ\", 900мл', 'шт', 90),
(6, 'Хлеб \"Дарница\", 400г', 'шт', 70),
(7, 'Яйца \"Своя ферма\", 10шт', 'шт', 120),
(8, 'Сыр \"Российский\", 500г', 'кг', 450),
(9, 'Колбаса \"Докторская\", 400г', 'кг', 480),
(10, 'Яблоки \"Гренни Смит\", 1кг', 'кг', 180),
(11, 'Бананы, 1кг', 'кг', 140),
(12, 'Помидоры, 1кг', 'кг', 120),
(13, 'Огурцы, 1кг', 'кг', 100),
(14, 'Картофель, 3кг', 'кг', 60),
(15, 'Сметана \"Простоквашино\", 200г', 'шт', 4),
(16, 'Йогурт \"Активиа\", 125г', 'шт', 4),
(17, 'Творог \"Домик в деревне\", 500г', 'шт', 80),
(18, 'Масло сливочное \"Вологодское\", 180г', 'шт', 120),
(19, 'Кефир \"Домик в деревне\", 900мл', 'шт', 60),
(20, 'Пельмени \"Сибирские\", 800г', 'шт', 300),
(21, 'Вареники с вишней, 400г', 'шт', 180),
(22, 'Мясо куриное, 1кг', 'кг', 450),
(23, 'Рыба минтай, 1кг', 'кг', 250),
(24, 'Сахар, 1кг', 'кг', 80),
(25, 'Сок \"Добрый\", 1л', 'шт', 100),
(26, 'Вода \"Святой источник\", 0.5л', 'шт', 50),
(27, 'Чай \"Липтон\", 25 пакетиков', 'шт', 150),
(28, 'Кофе \"Nescafe\", 200г', 'шт', 300),
(29, 'Конфеты \"Алёнка\", 200г', 'шт', 120),
(30, 'Печенье \"Юбилейное\", 200г', 'шт', 80),
(31, 'Хлеб \"Дарницкий\", 700г', 'шт', 35),
(32, 'Батон \"Нарезной\", 400г', 'шт', 25),
(33, 'Макароны \"Макфа\", 400г', 'шт', 50),
(34, 'Рис \"Басмати\", 1кг', 'кг', 150),
(35, 'Соль \"Экстра\", 1кг', 'кг', 50),
(36, 'Сахар \"Песок\", 1кг', 'кг', 80),
(37, 'Мука \"Пшеничная\", 2кг', 'кг', 60),
(38, 'Гречка, 800г', 'кг', 120),
(39, 'Манная крупа, 500г', 'кг', 50),
(40, 'Овсяные хлопья \"Геркулес\", 400г', 'шт', 80),
(41, 'Сода пищевая, 500г', 'шт', 30),
(42, 'Уксус столовый 9%, 900мл', 'шт', 40),
(43, 'Лавровый лист, 10г', 'шт', 15),
(44, 'Перец черный горошком, 50г', 'шт', 30),
(45, 'Кетчуп \"Heinz\", 500г', 'шт', 120),
(46, 'Майонез \"Слобода\", 400г', 'шт', 100),
(47, 'Горчица \"Махеев\", 250г', 'шт', 80),
(48, 'Подсолнечное масло \"Рафинированное\", 1л', 'шт', 150),
(49, 'Оливковое масло \"Extra Virgin\", 500мл', 'шт', 400),
(50, 'Сливочное масло \"Хозяюшка\", 180г', 'шт', 130),
(51, 'Сметана \"Простоквашино\", 150г', 'шт', 45),
(52, 'Йогурт \"Активиа\", 170г', 'шт', 40),
(53, 'Творог \"Домик в деревне\", 200г', 'шт', 50),
(54, 'Масло сливочное \"Вологодское\", 100г', 'шт', 80),
(55, 'Соус \"Томатный\", 500г', 'шт', 80),
(56, 'Майонез \"Провансаль\", 250г', 'шт', 60),
(57, 'Уксус бальзамический, 250мл', 'шт', 250),
(58, 'Соевый соус \"Kikkoman\", 250мл', 'шт', 150),
(59, 'Мёд \"Алтайский\", 350г', 'шт', 200),
(60, 'Варенье \"Клубничное\", 300г', 'шт', 150),
(61, 'Джем \"Абрикосовый\", 250г', 'шт', 120),
(62, 'Сгущенка \"Рогачев\", 380г', 'шт', 80),
(63, 'Конфитюр \"Малиновый\", 250г', 'шт', 100),
(64, 'Варенье из черной смородины, 300г', 'шт', 130),
(65, 'Чай черный \"Липтон\", 20 пакетиков', 'шт', 80),
(66, 'Кофе молотый \"Жокей\", 250г', 'шт', 180),
(67, 'Какао \"Золотой ярлык\", 100г', 'шт', 50),
(68, 'Сахарная пудра, 250г', 'шт', 40),
(69, 'Ванилин, 1г', 'шт', 15),
(70, 'Сода пищевая, 500г', 'шт', 30),
(71, 'Уксус столовый 9%, 900мл', 'шт', 40),
(72, 'Лавровый лист, 10г', 'шт', 15),
(73, 'Перец черный горошком, 50г', 'шт', 30),
(74, 'Гвоздика, 10г', 'шт', 20),
(75, 'Корица молотая, 10г', 'шт', 25),
(76, 'Мускатный орех, 50г', 'шт', 80),
(77, 'Кардамон, 10г', 'шт', 30),
(78, 'Желатин, 10г', 'шт', 20),
(79, 'Разрыхлитель теста, 10г', 'шт', 15),
(80, 'Соль морская, 250г', 'шт', 60),
(81, 'Перец черный молотый, 50г', 'шт', 35),
(82, 'Паприка молотая, 10г', 'шт', 20),
(83, 'Хмели-сунели, 10г', 'шт', 25),
(84, 'Смесь перцев, 50г', 'шт', 40),
(85, 'Чай зеленый \"Сенча\", 25 пакетиков', 'шт', 90),
(86, 'Чай фруктовый \"Шиповник\", 20 пакетиков', 'шт', 70),
(87, 'Чай травяной \"Мята\", 25 пакетиков', 'шт', 80),
(88, 'Чай черный \"Эрл Грей\", 20 пакетиков', 'шт', 95),
(89, 'Чай зеленый \"Молочный улун\", 25 пакетиков', 'шт', 120),
(90, 'Чай фруктовый \"Клубника со сливками\", 20 пакетиков', 'шт', 75);

--
-- Индексы сохранённых таблиц
--

--
-- Индексы таблицы `приход`
--
ALTER TABLE `приход`
  ADD PRIMARY KEY (`№_накладной`),
  ADD KEY `№_склада` (`№_склада`,`поставщик`),
  ADD KEY `поставщик` (`поставщик`);

--
-- Индексы таблицы `организации`
--
ALTER TABLE `организации`
  ADD PRIMARY KEY (`№_организации`);

--
-- Индексы таблицы `остаток_на_складе`
--
ALTER TABLE `остаток_на_складе`
  ADD KEY `артикул` (`артикул`);

--
-- Индексы таблицы `расход`
--
ALTER TABLE `расход`
  ADD PRIMARY KEY (`№_лимитной_карты`),
  ADD KEY `№_склада` (`№_склада`,`товар`),
  ADD KEY `товар` (`товар`);

--
-- Индексы таблицы `склады`
--
ALTER TABLE `склады`
  ADD PRIMARY KEY (`№_склада`);

--
-- Индексы таблицы `состав_накладной`
--
ALTER TABLE `состав_накладной`
  ADD KEY `№_накладной` (`№_накладной`,`артикул`),
  ADD KEY `артикул` (`артикул`);

--
-- Индексы таблицы `состав_расхода`
--
ALTER TABLE `состав_расхода`
  ADD PRIMARY KEY (`№_пп`),
  ADD KEY `№_лимитной_карты` (`№_лимитной_карты`);

--
-- Индексы таблицы `товары`
--
ALTER TABLE `товары`
  ADD PRIMARY KEY (`артикул`);

--
-- AUTO_INCREMENT для сохранённых таблиц
--

ALTER TABLE `организации`
  MODIFY `№_организации` int(11) NOT NULL AUTO_INCREMENT, AUTO_INCREMENT=31;

--
-- AUTO_INCREMENT для таблицы `расход`
--
ALTER TABLE `расход`
  MODIFY `№_лимитной_карты` int(11) NOT NULL AUTO_INCREMENT, AUTO_INCREMENT=21;

--
-- AUTO_INCREMENT для таблицы `склады`
--
ALTER TABLE `склады`
  MODIFY `№_склада` int(11) NOT NULL AUTO_INCREMENT, AUTO_INCREMENT=11;

--
-- AUTO_INCREMENT для таблицы `товары`
--
ALTER TABLE `товары`
  MODIFY `артикул` int(11) NOT NULL AUTO_INCREMENT, AUTO_INCREMENT=91;

--
-- Ограничения внешнего ключа сохраненных таблиц
--

--
-- Ограничения внешнего ключа таблицы `приход`
--
ALTER TABLE `приход`
  ADD CONSTRAINT `@v0@w0@o0@h1@u0@k0_ibfk_2` FOREIGN KEY (`№_склада`) REFERENCES `склады` (`№_склада`),
  ADD CONSTRAINT `@v0@w0@o0@h1@u0@k0_ibfk_3` FOREIGN KEY (`поставщик`) REFERENCES `организации` (`№_организации`);

--
-- Ограничения внешнего ключа таблицы `остаток_на_складе`
--
ALTER TABLE `остаток_на_складе`
  ADD CONSTRAINT `@u0@x0@y0@g0@y0@u0@q0_@t0@g0_@x0@q0@r0@g0@k0@l0_ibfk_1` FOREIGN KEY (`№_склада`) REFERENCES `склады` (`№_склада`),
  ADD CONSTRAINT `@u0@x0@y0@g0@y0@u0@q0_@t0@g0_@x0@q0@r0@g0@k0@l0_ibfk_2` FOREIGN KEY (`артикул`) REFERENCES `товары` (`артикул`);

--
-- Ограничения внешнего ключа таблицы `расход`
--
ALTER TABLE `расход`
  ADD CONSTRAINT `@w0@g0@x0@h1@u0@k0_ibfk_1` FOREIGN KEY (`№_склада`) REFERENCES `склады` (`№_склада`),
  ADD CONSTRAINT `@w0@g0@x0@h1@u0@k0_ibfk_2` FOREIGN KEY (`товар`) REFERENCES `товары` (`артикул`);

--
-- Ограничения внешнего ключа таблицы `состав_накладной`
--
ALTER TABLE `состав_накладной`
  ADD CONSTRAINT `@x0@u0@x0@y0@g0@i0_@t0@g0@q0@r0@g0@k0@t0@u0@p0_ibfk_1` FOREIGN KEY (`артикул`) REFERENCES `товары` (`артикул`),
  ADD CONSTRAINT `@x0@u0@x0@y0@g0@i0_@t0@g0@q0@r0@g0@k0@t0@u0@p0_ibfk_2` FOREIGN KEY (`№_накладной`) REFERENCES `приход` (`№_накладной`);

--
-- Ограничения внешнего ключа таблицы `состав_расхода`
--
ALTER TABLE `состав_расхода`
  ADD CONSTRAINT `@x0@u0@x0@y0@g0@i0_@w0@g0@x0@h1@u0@k0@g0_ibfk_1` FOREIGN KEY (`№_лимитной_карты`) REFERENCES `расход` (`№_лимитной_карты`);
COMMIT;

/*!40101 SET CHARACTER_SET_CLIENT=@OLD_CHARACTER_SET_CLIENT */;
/*!40101 SET CHARACTER_SET_RESULTS=@OLD_CHARACTER_SET_RESULTS */;
/*!40101 SET COLLATION_CONNECTION=@OLD_COLLATION_CONNECTION */;
